Time,Time Code,Country Name,Country Code,GDP ,Exports,Expenditure 
2012,YR2012,Andorra,AND,3188808943,NA,NA
2012,YR2012,Antigua and Barbuda,ATG,1199948148,948148148.1,211000000
2012,YR2012,Aruba,ABW,2615083799,1911731844,684357541.9
2012,YR2012,Australia,AUS,1.55E+12,3.33E+11,2.91E+11
2012,YR2012,Austria,AUT,4.09E+11,2.21E+11,81310035240
2012,YR2012,"Bahamas, The",BHS,10720500000,4087400000,1403100000
2012,YR2012,Bahrain,BHR,30749308511,31409042553,4748404255
2012,YR2012,Barbados,BRB,4610096000,1811200000,701413800
2012,YR2012,Belgium,BEL,4.96E+11,3.99E+11,1.21E+11
2012,YR2012,Bermuda,BMU,6378188000,3221785000,899708000
2012,YR2012,British Virgin Islands,VGB,NA,NA,NA
2012,YR2012,Brunei Darussalam,BRN,19047940301,13364276569,3512323944
2012,YR2012,Canada,CAN,1.83E+12,5.55E+11,3.85E+11
2012,YR2012,Cayman Islands,CYM,4291159006,NA,NA
2012,YR2012,Channel Islands,CHI,NA,NA,NA
2012,YR2012,Chile,CHL,2.67E+11,90427251746,32931915063
2012,YR2012,Croatia,HRV,57369359295,22335640413,12527381509
2012,YR2012,Curacao,CUW,3024525140,2415921788,464469273.7
2012,YR2012,Cyprus,CYP,25048659900,13846493640,4699473211
2012,YR2012,Czechia,CZE,2.09E+11,1.58E+11,40628170093
2012,YR2012,Denmark,DNK,3.27E+11,1.79E+11,86601087185
2012,YR2012,Estonia,EST,23019150071,19844301075,4188369957
2012,YR2012,Faroe Islands,FRO,2427190332,1275718602,770668968.5
2012,YR2012,Finland,FIN,2.58E+11,1.00E+11,62240302420
2012,YR2012,France,FRA,2.68E+12,7.84E+11,6.43E+11
2012,YR2012,French Polynesia,PYF,5692858773,NA,NA
2012,YR2012,Germany,DEU,3.53E+12,1.63E+12,6.80E+11
2012,YR2012,Gibraltar,GIB,NA,NA,NA
2012,YR2012,Greece,GRC,2.42E+11,69565465933,53877400965
2012,YR2012,Greenland,GRL,2609667674,978938282.3,1194630988
2012,YR2012,Guam,GUM,5265000000,1004000000,NA
2012,YR2012,"Hong Kong SAR, China",HKG,2.63E+11,5.67E+11,23891238203
2012,YR2012,Hungary,HUN,1.29E+11,1.11E+11,25706156779
2012,YR2012,Iceland,ISL,14751508134,8102421430,3651907860
2012,YR2012,Ireland,IRL,2.26E+11,2.36E+11,41015941739
2012,YR2012,Isle of Man,IMN,6690725118,NA,NA
2012,YR2012,Israel,ISR,2.62E+11,92621172361,58008075404
2012,YR2012,Italy,ITA,2.09E+12,5.92E+11,4.13E+11
2012,YR2012,Japan,JPN,6.27E+12,9.04E+11,1.25E+12
2012,YR2012,"Korea, Rep.",KOR,1.28E+12,6.92E+11,1.88E+11
2012,YR2012,Kuwait,KWT,1.74E+11,1.30E+11,26214362272
2012,YR2012,Latvia,LVA,28169902669,17308645446,4930392583
2012,YR2012,Liechtenstein,LIE,5456009385,NA,NA
2012,YR2012,Lithuania,LTU,42927454291,33580700076,7492880565
2012,YR2012,Luxembourg,LUX,59776383527,1.02E+11,9745995732
2012,YR2012,"Macao SAR, China",MAC,43189526778,39204245360,2965118462
2012,YR2012,Malta,MLT,9462289606,15434793781,1876654246
2012,YR2012,Monaco,MCO,5743029680,NA,NA
2012,YR2012,Nauru,NRU,96927201.48,69086409.57,NA
2012,YR2012,Netherlands,NLD,8.39E+11,6.67E+11,2.18E+11
2012,YR2012,New Caledonia,NCL,9659153061,1715324223,2279609046
2012,YR2012,New Zealand,NZL,1.76E+11,50852168175,34151793090
2012,YR2012,Northern Mariana Islands,MNP,746000000,379000000,NA
2012,YR2012,Norway,NOR,5.10E+11,2.07E+11,1.06E+11
2012,YR2012,Oman,OMN,87408842653,54825227568,14985955787
2012,YR2012,Panama,PAN,40429700000,30399600000,4388900000
2012,YR2012,Poland,POL,4.95E+11,2.19E+11,89755872870
2012,YR2012,Portugal,PRT,2.16E+11,81685225652,39645780144
2012,YR2012,Puerto Rico,PRI,1.02E+11,58351600000,10794600000
2012,YR2012,Qatar,QAT,1.87E+11,1.43E+11,22884065934
2012,YR2012,Romania,ROU,1.79E+11,64042731100,24678622917
2012,YR2012,San Marino,SMR,1604779648,NA,NA
2012,YR2012,Saudi Arabia,SAU,7.36E+11,3.99E+11,1.47E+11
2012,YR2012,Seychelles,SYC,1059498884,1052393462,291155866.9
2012,YR2012,Singapore,SGP,2.95E+11,5.80E+11,26138433224
2012,YR2012,Sint Maarten (Dutch part),SXM,985865921.8,1116927374,NA
2012,YR2012,Slovak Republic,SVK,94623731086,85948067100,16864048741
2012,YR2012,Slovenia,SVN,46577793184,33951293540,9481095435
2012,YR2012,Spain,ESP,1.32E+12,4.17E+11,2.65E+11
2012,YR2012,St. Kitts and Nevis,KNA,826231629.6,NA,NA
2012,YR2012,St. Martin (French part),MAF,NA,NA,NA
2012,YR2012,Sweden,SWE,5.52E+11,2.49E+11,1.42E+11
2012,YR2012,Switzerland,CHE,6.86E+11,4.65E+11,77667949612
2012,YR2012,Trinidad and Tobago,TTO,27121712423,NA,NA
2012,YR2012,Turks and Caicos Islands,TCA,727161000,NA,NA
2012,YR2012,United Arab Emirates,ARE,3.85E+11,3.76E+11,36449312457
2012,YR2012,United Kingdom,GBR,2.71E+12,8.22E+11,5.63E+11
2012,YR2012,United States,USA,1.63E+13,2.22E+12,2.52E+12
2012,YR2012,Uruguay,URY,51264390116,13287539945,6804750298
2012,YR2012,Virgin Islands (U.S.),VIR,4089000000,3278000000,1026000000
2013,YR2013,Andorra,AND,3193704343,NA,NA
2013,YR2013,Antigua and Barbuda,ATG,1181448148,952148148.1,202888888.9
2013,YR2013,Aruba,ABW,2727932961,2088268156,714525139.7
2013,YR2013,Australia,AUS,1.58E+12,3.15E+11,2.96E+11
2013,YR2013,Austria,AUT,4.30E+11,2.30E+11,85676589243
2013,YR2013,"Bahamas, The",BHS,10562800000,4202800000,1344200000
2013,YR2013,Bahrain,BHR,32539468085,34102925532,5060611702
2013,YR2013,Barbados,BRB,4677248300,1914200000,691770900
2013,YR2013,Belgium,BEL,5.22E+11,4.14E+11,1.27E+11
2013,YR2013,Bermuda,BMU,6465756000,3337183000,882953000
2013,YR2013,British Virgin Islands,VGB,NA,NA,NA
2013,YR2013,Brunei Darussalam,BRN,18093829923,12311381074,3648497442
2013,YR2013,Canada,CAN,1.85E+12,5.60E+11,3.82E+11
2013,YR2013,Cayman Islands,CYM,4405954638,NA,NA
2013,YR2013,Channel Islands,CHI,NA,NA,NA
2013,YR2013,Chile,CHL,2.77E+11,88959111212,35446684814
2013,YR2013,Croatia,HRV,59032066092,23470755730,12803812700
2013,YR2013,Curacao,CUW,3039944134,2226256983,425251396.6
2013,YR2013,Cyprus,CYP,23961144906,14687364856,4410280250
2013,YR2013,Czechia,CZE,2.12E+11,1.61E+11,41751029394
2013,YR2013,Denmark,DNK,3.44E+11,1.88E+11,89357668171
2013,YR2013,Estonia,EST,25115753366,21239933055,4682779520
2013,YR2013,Faroe Islands,FRO,2690116269,1491480156,817798194.5
2013,YR2013,Finland,FIN,2.71E+11,1.03E+11,66582541660
2013,YR2013,France,FRA,2.81E+12,8.26E+11,6.78E+11
2013,YR2013,French Polynesia,PYF,6031828532,NA,NA
2013,YR2013,Germany,DEU,3.73E+12,1.70E+12,7.33E+11
2013,YR2013,Gibraltar,GIB,NA,NA,NA
2013,YR2013,Greece,GRC,2.39E+11,72167340436,49510738400
2013,YR2013,Greenland,GRL,2684952727,1012250058,1284831651
2013,YR2013,Guam,GUM,5399000000,1053000000,NA
2013,YR2013,"Hong Kong SAR, China",HKG,2.76E+11,6.11E+11,25602372357
2013,YR2013,Hungary,HUN,1.36E+11,1.16E+11,26761027292
2013,YR2013,Iceland,ISL,16125060515,8586232154,3926469415
2013,YR2013,Ireland,IRL,2.38E+11,2.48E+11,40840697513
2013,YR2013,Isle of Man,IMN,7000748788,NA,NA
2013,YR2013,Israel,ISR,2.98E+11,98956775008,65822886236
2013,YR2013,Italy,ITA,2.14E+12,6.13E+11,4.24E+11
2013,YR2013,Japan,JPN,5.21E+12,8.23E+11,1.03E+12
2013,YR2013,"Korea, Rep.",KOR,1.37E+12,7.03E+11,2.05E+11
2013,YR2013,Kuwait,KWT,1.74E+11,1.23E+11,28539492243
2013,YR2013,Latvia,LVA,30204783462,18242231299,5394023067
2013,YR2013,Liechtenstein,LIE,6391735894,NA,NA
2013,YR2013,Lithuania,LTU,46523420074,36599310829,7749169287
2013,YR2013,Luxembourg,LUX,65203276467,1.15E+11,10660958891
2013,YR2013,"Macao SAR, China",MAC,51536304808,46720613821,3350230934
2013,YR2013,Malta,MLT,10551600478,16457696905,1979678576
2013,YR2013,Monaco,MCO,6555983530,NA,NA
2013,YR2013,Nauru,NRU,98491843.64,95413973.53,NA
2013,YR2013,Netherlands,NLD,8.77E+11,7.01E+11,2.26E+11
2013,YR2013,New Caledonia,NCL,10151385306,1596112196,2452470890
2013,YR2013,New Zealand,NZL,1.91E+11,55007020975,35779657778
2013,YR2013,Northern Mariana Islands,MNP,772000000,402000000,NA
2013,YR2013,Norway,NOR,5.23E+11,2.05E+11,1.10E+11
2013,YR2013,Oman,OMN,89936020806,59385175553,16995318596
2013,YR2013,Panama,PAN,45599900000,29713600000,4885000000
2013,YR2013,Poland,POL,5.16E+11,2.37E+11,95016136177
2013,YR2013,Portugal,PRT,2.26E+11,89682537232,42678471553
2013,YR2013,Puerto Rico,PRI,1.02E+11,62361300000,10589400000
2013,YR2013,Qatar,QAT,1.99E+11,1.45E+11,28926280495
2013,YR2013,Romania,ROU,1.90E+11,76385528411,27061930947
2013,YR2013,San Marino,SMR,1678841812,NA,NA
2013,YR2013,Saudi Arabia,SAU,7.47E+11,3.88E+11,1.68E+11
2013,YR2013,Seychelles,SYC,1328091522,1206057239,238526127.2
2013,YR2013,Singapore,SGP,3.08E+11,6.00E+11,29970910253
2013,YR2013,Sint Maarten (Dutch part),SXM,1022905028,1241284916,NA
2013,YR2013,Slovak Republic,SVK,98935222175,92447056102,17883425490
2013,YR2013,Slovenia,SVN,48415657265,35932394253,9509241489
2013,YR2013,Spain,ESP,1.36E+12,4.47E+11,2.70E+11
2013,YR2013,St. Kitts and Nevis,KNA,875376407.4,NA,NA
2013,YR2013,St. Martin (French part),MAF,NA,NA,NA
2013,YR2013,Sweden,SWE,5.87E+11,2.50E+11,1.54E+11
2013,YR2013,Switzerland,CHE,7.06E+11,5.09E+11,80599621375
2013,YR2013,Trinidad and Tobago,TTO,28557451143,NA,NA
2013,YR2013,Turks and Caicos Islands,TCA,754238000,NA,NA
2013,YR2013,United Arab Emirates,ARE,4.00E+11,3.92E+11,42851083186
2013,YR2013,United Kingdom,GBR,2.79E+12,8.37E+11,5.61E+11
2013,YR2013,United States,USA,1.68E+13,2.29E+12,2.53E+12
2013,YR2013,Uruguay,URY,57531233351,13435347409,7779620630
2013,YR2013,Virgin Islands (U.S.),VIR,3738000000,2525000000,1043000000
2014,YR2014,Andorra,AND,3271808157,NA,NA
2014,YR2014,Antigua and Barbuda,ATG,1249733333,1027296296,208918518.5
2014,YR2014,Aruba,ABW,2791061453,2184357542,692737430.2
2014,YR2014,Australia,AUS,1.47E+12,3.10E+11,2.74E+11
2014,YR2014,Austria,AUT,4.43E+11,2.36E+11,87644371858
2014,YR2014,"Bahamas, The",BHS,11176100000,4214500000,1339200000
2014,YR2014,Bahrain,BHR,33387712766,32069148936,5383856383
2014,YR2014,Barbados,BRB,4696344350,1879250000,673830500
2014,YR2014,Belgium,BEL,5.35E+11,4.27E+11,1.30E+11
2014,YR2014,Bermuda,BMU,6413988000,3281476000,823230000
2014,YR2014,British Virgin Islands,VGB,NA,NA,NA
2014,YR2014,Brunei Darussalam,BRN,17098342541,11657150750,3662194159
2014,YR2014,Canada,CAN,1.81E+12,5.73E+11,3.66E+11
2014,YR2014,Cayman Islands,CYM,4563017881,NA,NA
2014,YR2014,Channel Islands,CHI,NA,NA,NA
2014,YR2014,Chile,CHL,2.59E+11,85613841161,34309777622
2014,YR2014,Croatia,HRV,58423981441,24940444721,12855765080
2014,YR2014,Curacao,CUW,3048435754,2284301676,474860335.2
2014,YR2014,Cyprus,CYP,23226782251,15318458881,3887338913
2014,YR2014,Czechia,CZE,2.09E+11,1.72E+11,40473804649
2014,YR2014,Denmark,DNK,3.53E+11,1.93E+11,91021709587
2014,YR2014,Estonia,EST,26634083965,21804108132,4988802087
2014,YR2014,Faroe Islands,FRO,2913995546,1556489978,841051224.9
2014,YR2014,Finland,FIN,2.75E+11,1.00E+11,67361632269
2014,YR2014,France,FRA,2.86E+12,8.47E+11,6.89E+11
2014,YR2014,French Polynesia,PYF,6151998958,NA,NA
2014,YR2014,Germany,DEU,3.89E+12,1.77E+12,7.62E+11
2014,YR2014,Gibraltar,GIB,NA,NA,NA
2014,YR2014,Greece,GRC,2.35E+11,76489983017,48472814156
2014,YR2014,Greenland,GRL,2842048998,1093416481,1302806236
2014,YR2014,Guam,GUM,5610000000,1057000000,NA
2014,YR2014,"Hong Kong SAR, China",HKG,2.91E+11,6.21E+11,27626159064
2014,YR2014,Hungary,HUN,1.41E+11,1.23E+11,28198998287
2014,YR2014,Iceland,ISL,17867662178,9205258379,4310378031
2014,YR2014,Ireland,IRL,2.59E+11,2.85E+11,42496823064
2014,YR2014,Isle of Man,IMN,7708834951,NA,NA
2014,YR2014,Israel,ISR,3.14E+11,1.00E+11,69064786992
2014,YR2014,Italy,ITA,2.16E+12,6.29E+11,4.22E+11
2014,YR2014,Japan,JPN,4.90E+12,8.53E+11,9.76E+11
2014,YR2014,"Korea, Rep.",KOR,1.48E+12,7.10E+11,2.26E+11
2014,YR2014,Kuwait,KWT,1.63E+11,1.11E+11,28875966268
2014,YR2014,Latvia,LVA,31386896487,19194571239,5641618073
2014,YR2014,Liechtenstein,LIE,6657170923,NA,NA
2014,YR2014,Lithuania,LTU,48533659592,35075482148,8063268093
2014,YR2014,Luxembourg,LUX,68804811898,1.26E+11,11044172430
2014,YR2014,"Macao SAR, China",MAC,54903031138,47019694257,3897033967
2014,YR2014,Malta,MLT,11626278730,17417563438,2152251893
2014,YR2014,Monaco,MCO,7069616049,NA,NA
2014,YR2014,Nauru,NRU,104654365.2,98228219.96,NA
2014,YR2014,Netherlands,NLD,8.92E+11,7.19E+11,2.29E+11
2014,YR2014,New Caledonia,NCL,10635039739,1976647745,2491764478
2014,YR2014,New Zealand,NZL,2.01E+11,56333268811,37793048143
2014,YR2014,Northern Mariana Islands,MNP,832000000,437000000,NA
2014,YR2014,Norway,NOR,4.98E+11,1.94E+11,1.09E+11
2014,YR2014,Oman,OMN,92699089727,56953966190,20037451235
2014,YR2014,Panama,PAN,49921400000,27635200000,5012800000
2014,YR2014,Poland,POL,5.39E+11,2.51E+11,98903154224
2014,YR2014,Portugal,PRT,2.30E+11,92457300369,42298431399
2014,YR2014,Puerto Rico,PRI,1.02E+11,62309200000,11032600000
2014,YR2014,Qatar,QAT,2.06E+11,1.40E+11,31897074258
2014,YR2014,Romania,ROU,2.00E+11,82837632868,28808790159
2014,YR2014,San Marino,SMR,1673973695,NA,NA
2014,YR2014,Saudi Arabia,SAU,7.56E+11,3.55E+11,1.97E+11
2014,YR2014,Seychelles,SYC,1387581392,1373146623,303545932.4
2014,YR2014,Singapore,SGP,3.15E+11,6.04E+11,30323415674
2014,YR2014,Sint Maarten (Dutch part),SXM,1245251397,1251843575,NA
2014,YR2014,Slovak Republic,SVK,1.01E+11,92713540272,18621833295
2014,YR2014,Slovenia,SVN,49997186439,38073728494,9443473792
2014,YR2014,Spain,ESP,1.37E+12,4.59E+11,2.70E+11
2014,YR2014,St. Kitts and Nevis,KNA,953174074.1,NA,NA
2014,YR2014,St. Martin (French part),MAF,772950710.8,NA,NA
2014,YR2014,Sweden,SWE,5.82E+11,2.52E+11,1.52E+11
2014,YR2014,Switzerland,CHE,7.27E+11,4.75E+11,83418429992
2014,YR2014,Trinidad and Tobago,TTO,29489012807,NA,NA
2014,YR2014,Turks and Caicos Islands,TCA,841070000,NA,NA
2014,YR2014,United Arab Emirates,ARE,4.14E+11,4.01E+11,44070401007
2014,YR2014,United Kingdom,GBR,3.07E+12,8.70E+11,6.09E+11
2014,YR2014,United States,USA,1.76E+13,2.38E+12,2.57E+12
2014,YR2014,Uruguay,URY,57236013086,13474880883,7839269294
2014,YR2014,Virgin Islands (U.S.),VIR,3565000000,2794000000,1048000000
2015,YR2015,Andorra,AND,2789870188,NA,NA
2015,YR2015,Antigua and Barbuda,ATG,1336692593,1016370370,217358814.8
2015,YR2015,Aruba,ABW,2963128492,2158659218,688826815.6
2015,YR2015,Australia,AUS,1.35E+12,2.71E+11,2.58E+11
2015,YR2015,Austria,AUT,3.82E+11,2.03E+11,75483956483
2015,YR2015,"Bahamas, The",BHS,11861900000,4389400000,1454400000
2015,YR2015,Bahrain,BHR,31050638298,25805319149,5491382979
2015,YR2015,Barbados,BRB,4724691200,1892295050,642925350
2015,YR2015,Belgium,BEL,4.62E+11,3.60E+11,1.09E+11
2015,YR2015,Bermuda,BMU,6654541000,3325330000,832027000
2015,YR2015,British Virgin Islands,VGB,NA,NA,NA
2015,YR2015,Brunei Darussalam,BRN,12930394938,6751036439,3240573714
2015,YR2015,Canada,CAN,1.56E+12,4.96E+11,3.25E+11
2015,YR2015,Cayman Islands,CYM,4708336733,NA,NA
2015,YR2015,Channel Islands,CHI,NA,NA,NA
2015,YR2015,Chile,CHL,2.42E+11,70787389826,32960430113
2015,YR2015,Croatia,HRV,50242783066,22948569293,10692826205
2015,YR2015,Curacao,CUW,3042737430,2054301676,477262569.8
2015,YR2015,Cyprus,CYP,19909190059,13939877954,3244979474
2015,YR2015,Czechia,CZE,1.88E+11,1.51E+11,35566929214
2015,YR2015,Denmark,DNK,3.03E+11,1.68E+11,77088408030
2015,YR2015,Estonia,EST,22890762090,17725575722,4481298156
2015,YR2015,Faroe Islands,FRO,2573908649,1369743902,727329478.7
2015,YR2015,Finland,FIN,2.35E+11,83041492299,57189841947
2015,YR2015,France,FRA,2.44E+12,7.46E+11,5.81E+11
2015,YR2015,French Polynesia,PYF,5325848045,NA,NA
2015,YR2015,Germany,DEU,3.36E+12,1.58E+12,6.61E+11
2015,YR2015,Gibraltar,GIB,NA,NA,NA
2015,YR2015,Greece,GRC,1.96E+11,62867562248,40407720541
2015,YR2015,Greenland,GRL,2499115623,939163780.7,1104579438
2015,YR2015,Guam,GUM,5799000000,1048000000,NA
2015,YR2015,"Hong Kong SAR, China",HKG,3.09E+11,6.06E+11,29833458036
2015,YR2015,Hungary,HUN,1.25E+11,1.10E+11,24676695336
2015,YR2015,Iceland,ISL,17517210519,9047940783,4103819029
2015,YR2015,Ireland,IRL,2.92E+11,3.56E+11,36488638086
2015,YR2015,Isle of Man,IMN,7085288006,NA,NA
2015,YR2015,Israel,ISR,3.03E+11,94578019810,66459105613
2015,YR2015,Italy,ITA,1.84E+12,5.46E+11,3.51E+11
2015,YR2015,Japan,JPN,4.44E+12,7.75E+11,8.72E+11
2015,YR2015,"Korea, Rep.",KOR,1.47E+12,6.30E+11,2.21E+11
2015,YR2015,Kuwait,KWT,1.15E+11,61598537720,27715852443
2015,YR2015,Latvia,LVA,27263090547,16432932181,5007259413
2015,YR2015,Liechtenstein,LIE,6268391521,NA,NA
2015,YR2015,Lithuania,LTU,41435533340,28498382257,7132162997
2015,YR2015,Luxembourg,LUX,60071584216,1.15E+11,9592329200
2015,YR2015,"Macao SAR, China",MAC,45047964934,35365685661,4355666875
2015,YR2015,Malta,MLT,11091423499,17149339842,1895262399
2015,YR2015,Monaco,MCO,6261622101,NA,NA
2015,YR2015,Nauru,NRU,86529661.37,60737166.15,NA
2015,YR2015,Netherlands,NLD,7.66E+11,6.33E+11,1.91E+11
2015,YR2015,New Caledonia,NCL,8738205837,1578920943,2082690241
2015,YR2015,New Zealand,NZL,1.78E+11,49705887481,32935720637
2015,YR2015,Northern Mariana Islands,MNP,910000000,482000000,NA
2015,YR2015,Norway,NOR,3.86E+11,1.46E+11,89656505115
2015,YR2015,Oman,OMN,78710793238,39080884265,19392977893
2015,YR2015,Panama,PAN,54091800000,25793600000,5563600000
2015,YR2015,Poland,POL,4.77E+11,2.26E+11,85974532431
2015,YR2015,Portugal,PRT,1.99E+11,80984130312,35593202379
2015,YR2015,Puerto Rico,PRI,1.03E+11,69463100000,9100300000
2015,YR2015,Qatar,QAT,1.62E+11,92291208791,32715592830
2015,YR2015,Romania,ROU,1.78E+11,73553461318,24752852186
2015,YR2015,San Marino,SMR,1419394771,2476172232,283744614
2015,YR2015,Saudi Arabia,SAU,6.54E+11,2.18E+11,1.96E+11
2015,YR2015,Seychelles,SYC,1416001322,1290380730,319290365.7
2015,YR2015,Singapore,SGP,3.08E+11,5.49E+11,31388420134
2015,YR2015,Sint Maarten (Dutch part),SXM,1253072626,1220502793,NA
2015,YR2015,Slovak Republic,SVK,88900883131,81433630598,16490554733
2015,YR2015,Slovenia,SVN,43107506024,33256871128,8114187309
2015,YR2015,Spain,ESP,1.20E+12,4.02E+11,2.33E+11
2015,YR2015,St. Kitts and Nevis,KNA,957040740.7,NA,NA
2015,YR2015,St. Martin (French part),MAF,NA,NA,NA
2015,YR2015,Sweden,SWE,5.05E+11,2.21E+11,1.30E+11
2015,YR2015,Switzerland,CHE,6.94E+11,4.43E+11,80084350930
2015,YR2015,Trinidad and Tobago,TTO,26851970254,NA,NA
2015,YR2015,Turks and Caicos Islands,TCA,942070000,NA,NA
2015,YR2015,United Arab Emirates,ARE,3.70E+11,3.61E+11,44511095984
2015,YR2015,United Kingdom,GBR,2.93E+12,8.11E+11,5.72E+11
2015,YR2015,United States,USA,1.82E+13,2.27E+12,2.61E+12
2015,YR2015,Uruguay,URY,53274304222,11974918858,7370931508
2015,YR2015,Virgin Islands (U.S.),VIR,3663000000,1525000000,1035000000
2016,YR2016,Andorra,AND,2896679212,NA,NA
2016,YR2016,Antigua and Barbuda,ATG,1436585185,1043111111,226140111.1
2016,YR2016,Aruba,ABW,2983798883,2143016760,700558659.2
2016,YR2016,Australia,AUS,1.21E+12,2.33E+11,2.40E+11
2016,YR2016,Austria,AUT,3.96E+11,2.07E+11,77786398661
2016,YR2016,"Bahamas, The",BHS,11834600000,3936500000,1382400000
2016,YR2016,Bahrain,BHR,32234973404,23918617021,5515771277
2016,YR2016,Barbados,BRB,4832811750,1765692250,648578300
2016,YR2016,Belgium,BEL,4.76E+11,3.78E+11,1.11E+11
2016,YR2016,Bermuda,BMU,6899911000,3403730000,837000000
2016,YR2016,British Virgin Islands,VGB,NA,NA,NA
2016,YR2016,Brunei Darussalam,BRN,11400854268,5652190835,2989613842
2016,YR2016,Canada,CAN,1.53E+12,4.81E+11,3.22E+11
2016,YR2016,Cayman Islands,CYM,4909498980,NA,NA
2016,YR2016,Channel Islands,CHI,NA,NA,NA
2016,YR2016,Chile,CHL,2.49E+11,69612075674,35756086749
2016,YR2016,Croatia,HRV,52397494687,24555556090,10907504351
2016,YR2016,Curacao,CUW,3014748603,1868156425,483743016.8
2016,YR2016,Cyprus,CYP,21046951516,14834744299,3194722161
2016,YR2016,Czechia,CZE,1.96E+11,1.55E+11,37217475510
2016,YR2016,Denmark,DNK,3.13E+11,1.67E+11,77867254833
2016,YR2016,Estonia,EST,24072829277,18537893089,4748234686
2016,YR2016,Faroe Islands,FRO,2813286391,1534263262,778094686.3
2016,YR2016,Finland,FIN,2.41E+11,83813596801,56993334377
2016,YR2016,France,FRA,2.47E+12,7.48E+11,5.87E+11
2016,YR2016,French Polynesia,PYF,5497037293,NA,NA
2016,YR2016,Germany,DEU,3.47E+12,1.60E+12,6.91E+11
2016,YR2016,Gibraltar,GIB,NA,NA,NA
2016,YR2016,Greece,GRC,1.93E+11,60431141889,39812905203
2016,YR2016,Greenland,GRL,2707146783,1103569678,1146307768
2016,YR2016,Guam,GUM,5901000000,1119000000,NA
2016,YR2016,"Hong Kong SAR, China",HKG,3.21E+11,6.00E+11,31945815029
2016,YR2016,Hungary,HUN,1.29E+11,1.11E+11,25671943119
2016,YR2016,Iceland,ISL,20793168031,9873435455,4784455834
2016,YR2016,Ireland,IRL,2.99E+11,3.64E+11,38180914926
2016,YR2016,Isle of Man,IMN,6846691871,NA,NA
2016,YR2016,Israel,ISR,3.22E+11,96485761650,70637844762
2016,YR2016,Italy,ITA,1.88E+12,5.51E+11,3.57E+11
2016,YR2016,Japan,JPN,5.00E+12,8.03E+11,9.84E+11
2016,YR2016,"Korea, Rep.",KOR,1.50E+12,6.02E+11,2.29E+11
2016,YR2016,Kuwait,KWT,1.09E+11,52118503807,28127441245
2016,YR2016,Latvia,LVA,28083597512,16739813107,5093354901
2016,YR2016,Liechtenstein,LIE,6237264055,NA,NA
2016,YR2016,Lithuania,LTU,43047309306,29094549836,7317568230
2016,YR2016,Luxembourg,LUX,62216885436,1.19E+11,9752010132
2016,YR2016,"Macao SAR, China",MAC,45070605746,34542782454,4686870708
2016,YR2016,Malta,MLT,11668253265,18412663272,1847243746
2016,YR2016,Monaco,MCO,6472990923,NA,NA
2016,YR2016,Nauru,NRU,99723394.96,70607075.27,NA
2016,YR2016,Netherlands,NLD,7.84E+11,6.24E+11,1.94E+11
2016,YR2016,New Caledonia,NCL,8724570250,1680830894,2134522127
2016,YR2016,New Zealand,NZL,1.89E+11,50288021441,34267416161
2016,YR2016,Northern Mariana Islands,MNP,1230000000,882000000,NA
2016,YR2016,Norway,NOR,3.69E+11,1.31E+11,89841309524
2016,YR2016,Oman,OMN,75128738622,31042392718,19627308192
2016,YR2016,Panama,PAN,57907700000,24305600000,6353300000
2016,YR2016,Poland,POL,4.70E+11,2.36E+11,84373288019
2016,YR2016,Portugal,PRT,2.06E+11,83005656043,36305978233
2016,YR2016,Puerto Rico,PRI,1.04E+11,71740000000,8603700000
2016,YR2016,Qatar,QAT,1.52E+11,72397252747,29654129313
2016,YR2016,Romania,ROU,1.85E+11,78593220339,28218885495
2016,YR2016,San Marino,SMR,1468377272,2541293662,289220836.2
2016,YR2016,Saudi Arabia,SAU,6.45E+11,2.01E+11,1.67E+11
2016,YR2016,Seychelles,SYC,1490228319,1338731596,350789467.8
2016,YR2016,Singapore,SGP,3.19E+11,5.25E+11,32725588129
2016,YR2016,Sint Maarten (Dutch part),SXM,1263687151,1168882682,NA
2016,YR2016,Slovak Republic,SVK,89952699525,84075231062,16983295264
2016,YR2016,Slovenia,SVN,44766722791,34738156236,8521596556
2016,YR2016,Spain,ESP,1.23E+12,4.18E+11,2.36E+11
2016,YR2016,St. Kitts and Nevis,KNA,1008100000,NA,NA
2016,YR2016,St. Martin (French part),MAF,NA,NA,NA
2016,YR2016,Sweden,SWE,5.16E+11,2.20E+11,1.36E+11
2016,YR2016,Switzerland,CHE,6.88E+11,4.60E+11,79210899165
2016,YR2016,Trinidad and Tobago,TTO,23496215885,NA,NA
2016,YR2016,Turks and Caicos Islands,TCA,1032452000,NA,NA
2016,YR2016,United Arab Emirates,ARE,3.69E+11,3.61E+11,44725287978
2016,YR2016,United Kingdom,GBR,2.70E+12,7.73E+11,5.17E+11
2016,YR2016,United States,USA,1.87E+13,2.23E+12,2.66E+12
2016,YR2016,Uruguay,URY,57236652490,15427745685,NA
2016,YR2016,Virgin Islands (U.S.),VIR,3798000000,1786000000,1048000000
2017,YR2017,Andorra,AND,3000180750,NA,NA
2017,YR2017,Antigua and Barbuda,ATG,1467977778,994427259.3,235276185.2
2017,YR2017,Aruba,ABW,3092178771,2243575419,711731843.6
2017,YR2017,Australia,AUS,1.33E+12,2.82E+11,2.63E+11
2017,YR2017,Austria,AUT,4.17E+11,2.26E+11,81321127498
2017,YR2017,"Bahamas, The",BHS,12357600000,3963000000,1577700000
2017,YR2017,Bahrain,BHR,35473776596,26881914894,5898031915
2017,YR2017,Barbados,BRB,4981588900,1781072150,605105700
2017,YR2017,Belgium,BEL,5.03E+11,4.18E+11,1.16E+11
2017,YR2017,Bermuda,BMU,7142316000,3466748000,830432000
2017,YR2017,British Virgin Islands,VGB,NA,NA,NA
2017,YR2017,Brunei Darussalam,BRN,12128104859,6012294735,3211184083
2017,YR2017,Canada,CAN,1.65E+12,5.19E+11,3.41E+11
2017,YR2017,Cayman Islands,CYM,5166467299,3824312973,104044161.8
2017,YR2017,Channel Islands,CHI,NA,NA,NA
2017,YR2017,Chile,CHL,2.76E+11,78297990798,40483906510
2017,YR2017,Croatia,HRV,56323836170,27661081729,11657166891
2017,YR2017,Curacao,CUW,3009497207,1764972067,487932960.9
2017,YR2017,Cyprus,CYP,22946726164,16943055807,3389968369
2017,YR2017,Czechia,CZE,2.19E+11,1.73E+11,41011008285
2017,YR2017,Denmark,DNK,3.32E+11,1.83E+11,81077670235
2017,YR2017,Estonia,EST,26924385103,20411337064,5184855897
2017,YR2017,Faroe Islands,FRO,2980054219,1679701343,821487528.2
2017,YR2017,Finland,FIN,2.56E+11,95994657971,58255398908
2017,YR2017,France,FRA,2.60E+12,8.03E+11,6.14E+11
2017,YR2017,French Polynesia,PYF,5833351478,1140826124,1823244797
2017,YR2017,Germany,DEU,3.69E+12,1.74E+12,7.32E+11
2017,YR2017,Gibraltar,GIB,NA,NA,NA
2017,YR2017,Greece,GRC,2.00E+11,70013677526,40954716912
2017,YR2017,Greenland,GRL,2851610656,1160384074,1209423132
2017,YR2017,Guam,GUM,6013000000,1141000000,NA
2017,YR2017,"Hong Kong SAR, China",HKG,3.41E+11,6.45E+11,33548093209
2017,YR2017,Hungary,HUN,1.43E+11,1.23E+11,28898388194
2017,YR2017,Iceland,ISL,24728285177,11308798727,5854981410
2017,YR2017,Ireland,IRL,3.36E+11,4.07E+11,41453392074
2017,YR2017,Isle of Man,IMN,6979581725,NA,NA
2017,YR2017,Israel,ISR,3.58E+11,1.05E+11,79068397249
2017,YR2017,Italy,ITA,1.96E+12,6.03E+11,3.69E+11
2017,YR2017,Japan,JPN,4.93E+12,8.67E+11,9.57E+11
2017,YR2017,"Korea, Rep.",KOR,1.62E+12,6.65E+11,2.50E+11
2017,YR2017,Kuwait,KWT,1.21E+11,61797759644,29478288493
2017,YR2017,Latvia,LVA,30483806018,18774805223,5575570818
2017,YR2017,Liechtenstein,LIE,6474256119,NA,NA
2017,YR2017,Lithuania,LTU,47758736932,35148120645,7784048942
2017,YR2017,Luxembourg,LUX,65712180343,1.27E+11,10658095676
2017,YR2017,"Macao SAR, China",MAC,50440941939,40576252180,4902566658
2017,YR2017,Malta,MLT,13489380931,20863420696,1966222323
2017,YR2017,Monaco,MCO,6431314957,NA,NA
2017,YR2017,Nauru,NRU,109359680.2,65615808.13,NA
2017,YR2017,Netherlands,NLD,8.34E+11,6.95E+11,2.03E+11
2017,YR2017,New Caledonia,NCL,9173668102,1927265223,2157183686
2017,YR2017,New Zealand,NZL,2.07E+11,56953620425,37012712492
2017,YR2017,Northern Mariana Islands,MNP,1560000000,1081000000,NA
2017,YR2017,Norway,NOR,3.98E+11,1.45E+11,95638525086
2017,YR2017,Oman,OMN,80856697009,36963849155,19833029909
2017,YR2017,Panama,PAN,62202700000,26003029600,7103294600
2017,YR2017,Poland,POL,5.25E+11,2.73E+11,92830682931
2017,YR2017,Portugal,PRT,2.21E+11,94573528088,38039772330
2017,YR2017,Puerto Rico,PRI,1.03E+11,71091600000,9057500000
2017,YR2017,Qatar,QAT,1.61E+11,85204395604,28371859203
2017,YR2017,Romania,ROU,2.10E+11,88964194941,33096335595
2017,YR2017,San Marino,SMR,1528630707,2580002751,303694726.6
2017,YR2017,Saudi Arabia,SAU,6.89E+11,2.40E+11,1.68E+11
2017,YR2017,Seychelles,SYC,1573433081,1573337827,361809229.3
2017,YR2017,Singapore,SGP,3.43E+11,5.88E+11,34982620030
2017,YR2017,Sint Maarten (Dutch part),SXM,1191620112,932737430.2,NA
2017,YR2017,Slovak Republic,SVK,95649966261,90938562004,18075025348
2017,YR2017,Slovenia,SVN,48589100043,40389935067,8965991429
2017,YR2017,Spain,ESP,1.31E+12,4.61E+11,2.45E+11
2017,YR2017,St. Kitts and Nevis,KNA,1058937037,NA,NA
2017,YR2017,St. Martin (French part),MAF,NA,NA,NA
2017,YR2017,Sweden,SWE,5.41E+11,2.37E+11,1.41E+11
2017,YR2017,Switzerland,CHE,6.95E+11,4.61E+11,80013385578
2017,YR2017,Trinidad and Tobago,TTO,23797686966,NA,NA
2017,YR2017,Turks and Caicos Islands,TCA,1022365000,NA,NA
2017,YR2017,United Arab Emirates,ARE,3.91E+11,3.84E+11,50945949626
2017,YR2017,United Kingdom,GBR,2.68E+12,8.23E+11,4.99E+11
2017,YR2017,United States,USA,1.95E+13,2.39E+12,2.73E+12
2017,YR2017,Uruguay,URY,64233966861,16795263098,NA
2017,YR2017,Virgin Islands (U.S.),VIR,3794000000,2403000000,1212000000
2018,YR2018,Andorra,AND,3218316013,NA,NA
2018,YR2018,Antigua and Barbuda,ATG,1605944444,1036233333,244781333.3
2018,YR2018,Aruba,ABW,3202234637,2363128492,754189944.1
2018,YR2018,Australia,AUS,1.43E+12,3.12E+11,2.84E+11
2018,YR2018,Austria,AUT,4.55E+11,2.52E+11,87992483572
2018,YR2018,"Bahamas, The",BHS,12755800000,4573700000,1578500000
2018,YR2018,Bahrain,BHR,37802005319,29959042553,6156462766
2018,YR2018,Barbados,BRB,5097283200,1810800000,601050000
2018,YR2018,Belgium,BEL,5.43E+11,4.51E+11,1.26E+11
2018,YR2018,Bermuda,BMU,7225977000,3719872000,847486000
2018,YR2018,British Virgin Islands,VGB,NA,NA,NA
2018,YR2018,Brunei Darussalam,BRN,13567351175,7045834309,3275332345
2018,YR2018,Canada,CAN,1.73E+12,5.57E+11,3.57E+11
2018,YR2018,Cayman Islands,CYM,5530377535,3959078363,116764670.6
2018,YR2018,Channel Islands,CHI,NA,NA,NA
2018,YR2018,Chile,CHL,2.95E+11,84275554762,43886417479
2018,YR2018,Croatia,HRV,62316840750,30780122853,12922550739
2018,YR2018,Curacao,CUW,3020388827,NA,NA
2018,YR2018,Cyprus,CYP,25596474965,19188986774,3720122815
2018,YR2018,Czechia,CZE,2.49E+11,1.92E+11,48319329342
2018,YR2018,Denmark,DNK,3.57E+11,2.02E+11,86624459287
2018,YR2018,Estonia,EST,30624720196,22761485755,5858255932
2018,YR2018,Faroe Islands,FRO,3188610522,1684160517,905726411.8
2018,YR2018,Finland,FIN,2.76E+11,1.06E+11,63140913821
2018,YR2018,France,FRA,2.79E+12,8.85E+11,6.50E+11
2018,YR2018,French Polynesia,PYF,6135117589,NA,NA
2018,YR2018,Germany,DEU,3.97E+12,1.88E+12,7.90E+11
2018,YR2018,Gibraltar,GIB,NA,NA,NA
2018,YR2018,Greece,GRC,2.12E+11,82684241851,41933940926
2018,YR2018,Greenland,GRL,3055791341,1358439173,1318341621
2018,YR2018,Guam,GUM,6056000000,1165000000,NA
2018,YR2018,"Hong Kong SAR, China",HKG,3.62E+11,6.81E+11,35902277221
2018,YR2018,Hungary,HUN,1.61E+11,1.34E+11,31616325473
2018,YR2018,Iceland,ISL,26264127687,12248092314,6341262262
2018,YR2018,Ireland,IRL,3.86E+11,4.74E+11,46342509063
2018,YR2018,Isle of Man,IMN,7491969313,NA,NA
2018,YR2018,Israel,ISR,3.77E+11,1.13E+11,84199452930
2018,YR2018,Italy,ITA,2.09E+12,6.56E+11,3.95E+11
2018,YR2018,Japan,JPN,5.04E+12,9.23E+11,9.86E+11
2018,YR2018,"Korea, Rep.",KOR,1.72E+12,7.19E+11,2.77E+11
2018,YR2018,Kuwait,KWT,1.38E+11,79448654967,31857053311
2018,YR2018,Latvia,LVA,34429023435,21159713458,6261732583
2018,YR2018,Liechtenstein,LIE,6692504346,NA,NA
2018,YR2018,Lithuania,LTU,53751411409,40423966585,8800078568
2018,YR2018,Luxembourg,LUX,71000359760,1.40E+11,11930663793
2018,YR2018,"Macao SAR, China",MAC,55284360483,45626138123,5208795293
2018,YR2018,Malta,MLT,15298771847,22217052433,2373051488
2018,YR2018,Monaco,MCO,7194024563,NA,NA
2018,YR2018,Nauru,NRU,124021393.7,71312301.37,NA
2018,YR2018,Netherlands,NLD,9.14E+11,7.74E+11,2.23E+11
2018,YR2018,New Caledonia,NCL,9846922416,NA,NA
2018,YR2018,New Zealand,NZL,2.12E+11,59074559911,38623544810
2018,YR2018,Northern Mariana Islands,MNP,1302000000,661000000,NA
2018,YR2018,Norway,NOR,4.37E+11,1.66E+11,1.02E+11
2018,YR2018,Oman,OMN,91505851756,46321456437,19727438231
2018,YR2018,Panama,PAN,64929400000,27783920100,7495982700
2018,YR2018,Poland,POL,5.89E+11,3.11E+11,1.04E+11
2018,YR2018,Portugal,PRT,2.42E+11,1.05E+11,41137807529
2018,YR2018,Puerto Rico,PRI,1.01E+11,60528300000,8052600000
2018,YR2018,Qatar,QAT,1.83E+11,1.03E+11,29848743379
2018,YR2018,Romania,ROU,2.43E+11,1.01E+11,40538055612
2018,YR2018,San Marino,SMR,1655300873,2757689833,321315008.3
2018,YR2018,Saudi Arabia,SAU,8.17E+11,3.15E+11,1.96E+11
2018,YR2018,Seychelles,SYC,1636312010,1553148205,408422051.5
2018,YR2018,Singapore,SGP,3.77E+11,6.66E+11,37599866548
2018,YR2018,Sint Maarten (Dutch part),SXM,1185474860,800000000,NA
2018,YR2018,Slovak Republic,SVK,1.06E+11,1.02E+11,19793575833
2018,YR2018,Slovenia,SVN,54177882426,45938876526,9885784373
2018,YR2018,Spain,ESP,1.42E+12,5.00E+11,2.66E+11
2018,YR2018,St. Kitts and Nevis,KNA,1076911111,NA,NA
2018,YR2018,St. Martin (French part),MAF,NA,NA,NA
2018,YR2018,Sweden,SWE,5.55E+11,2.54E+11,1.45E+11
2018,YR2018,Switzerland,CHE,7.26E+11,4.90E+11,81734741022
2018,YR2018,Trinidad and Tobago,TTO,24322359035,NA,NA
2018,YR2018,Turks and Caicos Islands,TCA,1113178000,NA,NA
2018,YR2018,United Arab Emirates,ARE,4.27E+11,3.93E+11,49902518720
2018,YR2018,United Kingdom,GBR,2.88E+12,8.99E+11,5.31E+11
2018,YR2018,United States,USA,2.05E+13,2.54E+12,2.87E+12
2018,YR2018,Uruguay,URY,64515038268,17029670981,NA
2018,YR2018,Virgin Islands (U.S.),VIR,3922000000,2084000000,1695000000
2019,YR2019,Andorra,AND,3155065488,NA,NA
2019,YR2019,Antigua and Barbuda,ATG,1687533333,1196203185,254670518.5
2019,YR2019,Aruba,ABW,3368970253,2460174358,740102655.2
2019,YR2019,Australia,AUS,1.39E+12,3.36E+11,2.82E+11
2019,YR2019,Austria,AUT,4.45E+11,2.48E+11,86520557765
2019,YR2019,"Bahamas, The",BHS,13192800000,4708300000,1813900000
2019,YR2019,Bahrain,BHR,38653318085,29564361702,6064680851
2019,YR2019,Barbados,BRB,5324250000,1942400000,580700000
2019,YR2019,Belgium,BEL,5.36E+11,4.42E+11,1.23E+11
2019,YR2019,Bermuda,BMU,7423465000,3841155000,909874000
2019,YR2019,British Virgin Islands,VGB,NA,NA,NA
2019,YR2019,Brunei Darussalam,BRN,13469422959,7804997288,3372796877
2019,YR2019,Canada,CAN,1.74E+12,5.56E+11,3.63E+11
2019,YR2019,Cayman Islands,CYM,5943589104,4128045122,139925597
2019,YR2019,Channel Islands,CHI,NA,NA,NA
2019,YR2019,Chile,CHL,2.79E+11,77541641202,42414746425
2019,YR2019,Croatia,HRV,62327983580,31534555620,12897982793
2019,YR2019,Curacao,CUW,2995185475,NA,NA
2019,YR2019,Cyprus,CYP,25944504646,19845764021,4158401433
2019,YR2019,Czechia,CZE,2.53E+11,1.87E+11,49470461904
2019,YR2019,Denmark,DNK,3.46E+11,2.03E+11,83603655474
2019,YR2019,Estonia,EST,31081901909,22964765757,6073188397
2019,YR2019,Faroe Islands,FRO,3275706960,1821708100,901850241.4
2019,YR2019,Finland,FIN,2.69E+11,1.07E+11,62264052761
2019,YR2019,France,FRA,2.73E+12,8.62E+11,6.27E+11
2019,YR2019,French Polynesia,PYF,6001384760,1212133721,1883873461
2019,YR2019,Germany,DEU,3.89E+12,1.81E+12,7.87E+11
2019,YR2019,Gibraltar,GIB,NA,NA,NA
2019,YR2019,Greece,GRC,2.05E+11,82328450374,41274328863
2019,YR2019,Greenland,GRL,2994332324,1230185624,1312636819
2019,YR2019,Guam,GUM,6366000000,1403000000,NA
2019,YR2019,"Hong Kong SAR, China",HKG,3.63E+11,6.45E+11,39489656581
2019,YR2019,Hungary,HUN,1.64E+11,1.34E+11,32907166449
2019,YR2019,Iceland,ISL,24826102120,11012617626,6068494840
2019,YR2019,Ireland,IRL,3.99E+11,5.11E+11,47983307136
2019,YR2019,Isle of Man,IMN,7315388052,NA,NA
2019,YR2019,Israel,ISR,4.02E+11,1.18E+11,88796747008
2019,YR2019,Italy,ITA,2.01E+12,6.36E+11,3.74E+11
2019,YR2019,Japan,JPN,5.12E+12,8.94E+11,1.02E+12
2019,YR2019,"Korea, Rep.",KOR,1.65E+12,6.49E+11,2.82E+11
2019,YR2019,Kuwait,KWT,1.36E+11,72583928854,34351221673
2019,YR2019,Latvia,LVA,34343961073,20542524057,6674421214
2019,YR2019,Liechtenstein,LIE,6427248943,NA,NA
2019,YR2019,Lithuania,LTU,54751510088,42336365375,9249004364
2019,YR2019,Luxembourg,LUX,69825641851,1.43E+11,12040014402
2019,YR2019,"Macao SAR, China",MAC,55204758070,45556409144,5621336968
2019,YR2019,Malta,MLT,15725847979,22973804993,2610881003
2019,YR2019,Monaco,MCO,7383745662,NA,NA
2019,YR2019,Nauru,NRU,118724073.8,75811757.97,NA
2019,YR2019,Netherlands,NLD,9.10E+11,7.51E+11,2.24E+11
2019,YR2019,New Caledonia,NCL,9438130987,NA,NA
2019,YR2019,New Zealand,NZL,2.13E+11,58307831673,40334678416
2019,YR2019,Northern Mariana Islands,MNP,1182000000,497000000,NA
2019,YR2019,Norway,NOR,4.05E+11,1.47E+11,98602954545
2019,YR2019,Oman,OMN,88060858257,43583094928,20349544863
2019,YR2019,Panama,PAN,66984400000,27602938300,7975099600
2019,YR2019,Poland,POL,5.96E+11,3.17E+11,1.07E+11
2019,YR2019,Portugal,PRT,2.40E+11,1.04E+11,40791246506
2019,YR2019,Puerto Rico,PRI,1.05E+11,63684400000,8381200000
2019,YR2019,Qatar,QAT,1.76E+11,92046153846,32564466511
2019,YR2019,Romania,ROU,2.51E+11,1.01E+11,44030321622
2019,YR2019,San Marino,SMR,1616188702,2650504852,315484778.9
2019,YR2019,Saudi Arabia,SAU,8.04E+11,2.86E+11,1.92E+11
2019,YR2019,Seychelles,SYC,1684373490,1740810266,558490112.8
2019,YR2019,Singapore,SGP,3.75E+11,6.58E+11,38585984460
2019,YR2019,Sint Maarten (Dutch part),SXM,NA,NA,NA
2019,YR2019,Slovak Republic,SVK,1.06E+11,97158190776,20705176986
2019,YR2019,Slovenia,SVN,54331588482,45475234205,9960938657
2019,YR2019,Spain,ESP,1.39E+12,4.87E+11,2.63E+11
2019,YR2019,St. Kitts and Nevis,KNA,1107840741,NA,NA
2019,YR2019,St. Martin (French part),MAF,NA,NA,NA
2019,YR2019,Sweden,SWE,5.34E+11,2.55E+11,1.37E+11
2019,YR2019,Switzerland,CHE,7.21E+11,4.83E+11,81910768534
2019,YR2019,Trinidad and Tobago,TTO,23849557812,NA,NA
2019,YR2019,Turks and Caicos Islands,TCA,1197415000,NA,NA
2019,YR2019,United Arab Emirates,ARE,4.18E+11,4.04E+11,51225237413
2019,YR2019,United Kingdom,GBR,2.86E+12,8.93E+11,5.43E+11
2019,YR2019,United States,USA,2.14E+13,2.54E+12,3.01E+12
2019,YR2019,Uruguay,URY,61231149881,16991760618,NA
2019,YR2019,Virgin Islands (U.S.),VIR,4117000000,2265000000,1536000000
2020,YR2020,Andorra,AND,2891022273,NA,NA
2020,YR2020,Antigua and Barbuda,ATG,1370281481,598873555.6,264959185.2
2020,YR2020,Aruba,ABW,2610038938,1347955008,702104794.5
2020,YR2020,Australia,AUS,1.33E+12,3.19E+11,2.88E+11
2020,YR2020,Austria,AUT,4.35E+11,2.25E+11,91699981035
2020,YR2020,"Bahamas, The",BHS,9699500000,2452800000,1622200000
2020,YR2020,Bahrain,BHR,34723357447,25249202128,5936409574
2020,YR2020,Barbados,BRB,4671800000,1389450000,574150000
2020,YR2020,Belgium,BEL,5.25E+11,4.17E+11,1.29E+11
2020,YR2020,Bermuda,BMU,6887147000,3246335000,876402000
2020,YR2020,British Virgin Islands,VGB,NA,NA,NA
2020,YR2020,Brunei Darussalam,BRN,12005825759,6886074799,3053199899
2020,YR2020,Canada,CAN,1.65E+12,4.83E+11,3.73E+11
2020,YR2020,Cayman Islands,CYM,5608989200,3372614905,144725789
2020,YR2020,Channel Islands,CHI,NA,NA,NA
2020,YR2020,Chile,CHL,2.53E+11,79693816697,40526805981
2020,YR2020,Croatia,HRV,57472012427,23840548541,13802662399
2020,YR2020,Curacao,CUW,2496174749,NA,NA
2020,YR2020,Cyprus,CYP,25008448886,20354070817,4905996573
2020,YR2020,Czechia,CZE,2.46E+11,1.72E+11,53536304004
2020,YR2020,Denmark,DNK,3.55E+11,1.95E+11,87956661973
2020,YR2020,Estonia,EST,31370395573,21731484847,6509863343
2020,YR2020,Faroe Islands,FRO,3248696902,1551764724,968847923.4
2020,YR2020,Finland,FIN,2.72E+11,97673758061,65908142075
2020,YR2020,France,FRA,2.64E+12,7.24E+11,6.58E+11
2020,YR2020,French Polynesia,PYF,5709421969,638903797.7,1886150972
2020,YR2020,Germany,DEU,3.89E+12,1.67E+12,8.54E+11
2020,YR2020,Gibraltar,GIB,NA,NA,NA
2020,YR2020,Greece,GRC,1.89E+11,60434496175,43182761577
2020,YR2020,Greenland,GRL,3076015347,1118524633,1374314058
2020,YR2020,Guam,GUM,5886000000,371000000,NA
2020,YR2020,"Hong Kong SAR, China",HKG,3.45E+11,6.08E+11,43950265560
2020,YR2020,Hungary,HUN,1.57E+11,1.24E+11,33492800788
2020,YR2020,Iceland,ISL,21694674810,7474085350,6044217919
2020,YR2020,Ireland,IRL,4.26E+11,5.68E+11,54919170397
2020,YR2020,Isle of Man,IMN,NA,NA,NA
2020,YR2020,Israel,ISR,4.13E+11,1.14E+11,96280216584
2020,YR2020,Italy,ITA,1.90E+12,5.58E+11,3.92E+11
2020,YR2020,Japan,JPN,5.04E+12,7.84E+11,1.06E+12
2020,YR2020,"Korea, Rep.",KOR,1.64E+12,5.98E+11,2.97E+11
2020,YR2020,Kuwait,KWT,1.06E+11,NA,NA
2020,YR2020,Latvia,LVA,34601740323,20726215208,7042733236
2020,YR2020,Liechtenstein,LIE,6113951012,NA,NA
2020,YR2020,Lithuania,LTU,56846622904,41640278273,10528947626
2020,YR2020,Luxembourg,LUX,73992591285,1.48E+11,13598498013
2020,YR2020,"Macao SAR, China",MAC,25459563655,15665218861,6554430411
2020,YR2020,Malta,MLT,14933066819,22721873215,3146544832
2020,YR2020,Monaco,MCO,6739691605,NA,NA
2020,YR2020,Nauru,NRU,114626625.6,54296822.63,NA
2020,YR2020,Netherlands,NLD,9.10E+11,7.12E+11,2.37E+11
2020,YR2020,New Caledonia,NCL,9435529927,NA,NA
2020,YR2020,New Zealand,NZL,2.12E+11,46404210822,43689657222
2020,YR2020,Northern Mariana Islands,MNP,NA,NA,NA
2020,YR2020,Norway,NOR,3.62E+11,1.17E+11,96149004337
2020,YR2020,Oman,OMN,75909397659,35719888947,19786459558
2020,YR2020,Panama,PAN,53977000000,21379165000,9114312000
2020,YR2020,Poland,POL,5.99E+11,3.18E+11,1.14E+11
2020,YR2020,Portugal,PRT,2.29E+11,84848916302,43449449520
2020,YR2020,Puerto Rico,PRI,1.03E+11,62237400000,7713500000
2020,YR2020,Qatar,QAT,1.44E+11,70933241758,31706023359
2020,YR2020,Romania,ROU,2.51E+11,92693685203,46921654100
2020,YR2020,San Marino,SMR,1541204338,2534952774,333205438.6
2020,YR2020,Saudi Arabia,SAU,7.03E+11,1.84E+11,2.03E+11
2020,YR2020,Seychelles,SYC,1261198524,824294564.8,484906150.5
2020,YR2020,Singapore,SGP,3.45E+11,6.27E+11,42561208958
2020,YR2020,Sint Maarten (Dutch part),SXM,NA,NA,NA
2020,YR2020,Slovak Republic,SVK,1.07E+11,90771329911,22355015414
2020,YR2020,Slovenia,SVN,53706800044,41751987336,11078018428
2020,YR2020,Spain,ESP,1.28E+12,3.93E+11,2.81E+11
2020,YR2020,St. Kitts and Nevis,KNA,884525925.9,NA,NA
2020,YR2020,St. Martin (French part),MAF,NA,NA,NA
2020,YR2020,Sweden,SWE,5.47E+11,2.40E+11,1.45E+11
2020,YR2020,Switzerland,CHE,7.40E+11,4.76E+11,89823115009
2020,YR2020,Trinidad and Tobago,TTO,21059428851,NA,NA
2020,YR2020,Turks and Caicos Islands,TCA,924583000,NA,NA
2020,YR2020,United Arab Emirates,ARE,3.49E+11,3.35E+11,50499233955
2020,YR2020,United Kingdom,GBR,2.70E+12,7.91E+11,6.09E+11
2020,YR2020,United States,USA,2.11E+13,2.15E+12,3.14E+12
2020,YR2020,Uruguay,URY,53560755047,13435331107,NA
2020,YR2020,Virgin Islands (U.S.),VIR,4204000000,1621000000,1499000000
2021,YR2021,Andorra,AND,3330281524,NA,NA
2021,YR2021,Antigua and Barbuda,ATG,1471125926,NA,NA
2021,YR2021,Aruba,ABW,3126019399,2154231633,675350387.4
2021,YR2021,Australia,AUS,1.55E+12,3.43E+11,3.46E+11
2021,YR2021,Austria,AUT,4.80E+11,2.69E+11,1.04E+11
2021,YR2021,"Bahamas, The",BHS,11208600000,3081800000,1826100000
2021,YR2021,Bahrain,BHR,38868663032,NA,NA
2021,YR2021,Barbados,BRB,4843800000,1471300000,626000000
2021,YR2021,Belgium,BEL,5.94E+11,5.16E+11,1.43E+11
2021,YR2021,Bermuda,BMU,7286607000,3549714000,897732000
2021,YR2021,British Virgin Islands,VGB,NA,NA,NA
2021,YR2021,Brunei Darussalam,BRN,14006569576,11228914277,3144189854
2021,YR2021,Canada,CAN,1.99E+12,6.11E+11,4.31E+11
2021,YR2021,Cayman Islands,CYM,5898449688,NA,NA
2021,YR2021,Channel Islands,CHI,NA,NA,NA
2021,YR2021,Chile,CHL,3.17E+11,1.01E+11,45536031473
2021,YR2021,Croatia,HRV,68955083280,35358791830,15327154245
2021,YR2021,Curacao,CUW,2699612458,NA,NA
2021,YR2021,Cyprus,CYP,28407867534,24606031934,5566055588
2021,YR2021,Czechia,CZE,2.82E+11,2.05E+11,60566514696
2021,YR2021,Denmark,DNK,3.98E+11,2.38E+11,96769711633
2021,YR2021,Estonia,EST,37191166152,29119437815,7365858276
2021,YR2021,Faroe Islands,FRO,3649886275,1923048782,1054747022
2021,YR2021,Finland,FIN,2.97E+11,1.17E+11,72564666244
2021,YR2021,France,FRA,2.96E+12,8.71E+11,7.17E+11
2021,YR2021,French Polynesia,PYF,6054676735,NA,NA
2021,YR2021,Germany,DEU,4.26E+12,2.00E+12,9.43E+11
2021,YR2021,Gibraltar,GIB,NA,NA,NA
2021,YR2021,Greece,GRC,2.15E+11,87827556200,46479493106
2021,YR2021,Greenland,GRL,NA,NA,NA
2021,YR2021,Guam,GUM,6123000000,186000000,NA
2021,YR2021,"Hong Kong SAR, China",HKG,3.69E+11,7.51E+11,46264730098
2021,YR2021,Hungary,HUN,1.82E+11,1.48E+11,37981128683
2021,YR2021,Iceland,ISL,25602419210,9779499273,7028090524
2021,YR2021,Ireland,IRL,5.04E+11,6.78E+11,61789810948
2021,YR2021,Isle of Man,IMN,NA,NA,NA
2021,YR2021,Israel,ISR,4.89E+11,1.44E+11,1.08E+11
2021,YR2021,Italy,ITA,2.11E+12,6.89E+11,4.17E+11
2021,YR2021,Japan,JPN,4.94E+12,9.10E+11,1.06E+12
2021,YR2021,"Korea, Rep.",KOR,1.81E+12,7.61E+11,3.29E+11
2021,YR2021,Kuwait,KWT,NA,NA,NA
2021,YR2021,Latvia,LVA,39853501580,25295205509,8212416480
2021,YR2021,Liechtenstein,LIE,NA,NA,NA
2021,YR2021,Lithuania,LTU,66445256585,53483244791,11644856596
2021,YR2021,Luxembourg,LUX,85506243834,1.81E+11,14925587795
2021,YR2021,"Macao SAR, China",MAC,30123914809,26484916620,6549747049
2021,YR2021,Malta,MLT,17364044944,26174571260,3566883501
2021,YR2021,Monaco,MCO,8596096984,NA,NA
2021,YR2021,Nauru,NRU,133218896.9,54481677.74,NA
2021,YR2021,Netherlands,NLD,1.01E+12,8.40E+11,2.66E+11
2021,YR2021,New Caledonia,NCL,10071351960,NA,NA
2021,YR2021,New Zealand,NZL,2.50E+11,56314188711,54262271891
2021,YR2021,Northern Mariana Islands,MNP,NA,NA,NA
2021,YR2021,Norway,NOR,4.82E+11,2.00E+11,1.13E+11
2021,YR2021,Oman,OMN,88191977373,46324248895,19525971651
2021,YR2021,Panama,PAN,63605100000,32479296000,9866117000
2021,YR2021,Poland,POL,6.79E+11,3.93E+11,1.28E+11
2021,YR2021,Portugal,PRT,2.54E+11,1.06E+11,47727932275
2021,YR2021,Puerto Rico,PRI,1.07E+11,57921400000,7539000000
2021,YR2021,Qatar,QAT,1.80E+11,1.06E+11,29923483041
2021,YR2021,Romania,ROU,2.84E+11,1.16E+11,49543313143
2021,YR2021,San Marino,SMR,NA,NA,NA
2021,YR2021,Saudi Arabia,SAU,8.34E+11,2.90E+11,2.04E+11
2021,YR2021,Seychelles,SYC,1454458184,1051705334,531097355.3
2021,YR2021,Singapore,SGP,3.97E+11,7.34E+11,45850465203
2021,YR2021,Sint Maarten (Dutch part),SXM,NA,NA,NA
2021,YR2021,Slovak Republic,SVK,1.17E+11,1.09E+11,25047125729
2021,YR2021,Slovenia,SVN,61748586535,51640294109,12747778493
2021,YR2021,Spain,ESP,1.43E+12,4.99E+11,3.06E+11
2021,YR2021,St. Kitts and Nevis,KNA,860840740.7,NA,NA
2021,YR2021,St. Martin (French part),MAF,NA,NA,NA
2021,YR2021,Sweden,SWE,6.36E+11,2.89E+11,1.65E+11
2021,YR2021,Switzerland,CHE,8.01E+11,5.71E+11,97140262353
2021,YR2021,Trinidad and Tobago,TTO,24460196271,NA,NA
2021,YR2021,Turks and Caicos Islands,TCA,943269800,NA,NA
2021,YR2021,United Arab Emirates,ARE,4.15E+11,NA,NA
2021,YR2021,United Kingdom,GBR,3.13E+12,8.75E+11,7.01E+11
2021,YR2021,United States,USA,2.33E+13,2.54E+12,3.35E+12
2021,YR2021,Uruguay,URY,59319484711,18675019829,NA
2021,YR2021,Virgin Islands (U.S.),VIR,NA,NA,NA
,,,,,,
,,,,,,
,,,,,,
Data from database: World Development Indicators,,,,,,
Last Updated: 03/30/2023,,,,,,
